<?xml version="1.0" encoding="utf-8"?>
<rows>
	<dealinfo>
		<syscode>80100</syscode>
		<fameofdealok>5</fameofdealok>
		<fameofbarrelfail>-15</fameofbarrelfail>
		<fameoffreshfail>-15</fameoffreshfail>
		<presentablecount>6</presentablecount>
		<overdealbarrel>100</overdealbarrel>
	</dealinfo>
	<stbody>
		<syscode>80300</syscode>
		<stcode>100</stcode>
		<atlasname>animal_00</atlasname>
		<a1>cow_b_01</a1>
		<a2>cow_b_02</a2>
		<a3>cow_b_03</a3>
		<a4>cow_b_04</a4>
		<a5>cow_b_05</a5>
		<a6>cow_b_06</a6>
	</stbody>
	<stbody>
		<syscode>80300</syscode>
		<stcode>101</stcode>
		<atlasname>animal_00</atlasname>
		<a1>cow_bg_01</a1>
		<a2>cow_bg_02</a2>
		<a3>cow_bg_03</a3>
		<a4>cow_bg_04</a4>
		<a5>cow_bg_05</a5>
		<a6>cow_bg_06</a6>
	</stbody>
	<stbody>
		<syscode>80300</syscode>
		<stcode>102</stcode>
		<atlasname>animal_00</atlasname>
		<a1>cow_bh_01</a1>
		<a2>cow_bh_02</a2>
		<a3>cow_bh_03</a3>
		<a4>cow_bh_04</a4>
		<a5>cow_bh_05</a5>
		<a6>cow_bh_06</a6>
	</stbody>
	<stbody>
		<syscode>80300</syscode>
		<stcode>103</stcode>
		<atlasname>animal_00</atlasname>
		<a1>cow_bi_01</a1>
		<a2>cow_bi_02</a2>
		<a3>cow_bi_03</a3>
		<a4>cow_bi_04</a4>
		<a5>cow_bi_05</a5>
		<a6>cow_bi_06</a6>
	</stbody>
	<stbody>
		<syscode>80300</syscode>
		<stcode>104</stcode>
		<atlasname>animal_00</atlasname>
		<a1>cow_bj_01</a1>
		<a2>cow_bj_02</a2>
		<a3>cow_bj_03</a3>
		<a4>cow_bj_04</a4>
		<a5>cow_bj_05</a5>
		<a6>cow_bj_06</a6>
	</stbody>
	<monster>
		<moncode>80400</moncode>
		<icon>monster_01</icon>
	</monster>
	<monster>
		<moncode>80401</moncode>
		<icon>monster_02</icon>
	</monster>
</rows>
