<?xml version="1.0" encoding="utf-8"?>
<rows>
	<wearpart>
		<itemcode>20001</itemcode>
		<category>1</category>
		<subcategory>2</subcategory>
		<equpslot>1</equpslot>
		<itemname>초보자 검</itemname>
		<activate>0</activate>
		<toplist>0</toplist>
		<grade>0</grade>
		<discount>0</discount>
		<icon>20001</icon>
		<playerlv>0</playerlv>
		<multistate>0</multistate>
		<gamecost>0</gamecost>
		<cashcost>0</cashcost>
		<buyamount>1</buyamount>
		<sellcost>0</sellcost>
		<description>초보자 검 입니다</description>
		<plusatt>10</plusatt>
		<plusdef>0</plusdef>
		<plushp>0</plushp>
		<plusmp>0</plusmp>
		<skin>Sword2_R</skin>
	</wearpart>
	<wearpart>
		<itemcode>20002</itemcode>
		<category>1</category>
		<subcategory>2</subcategory>
		<equpslot>1</equpslot>
		<itemname>용사의 검</itemname>
		<activate>0</activate>
		<toplist>1</toplist>
		<grade>0</grade>
		<discount>0</discount>
		<icon>20002</icon>
		<playerlv>0</playerlv>
		<multistate>0</multistate>
		<gamecost>0</gamecost>
		<cashcost>0</cashcost>
		<buyamount>1</buyamount>
		<sellcost>0</sellcost>
		<description>용사의 검 입니다</description>
		<plusatt>10</plusatt>
		<plusdef>0</plusdef>
		<plushp>0</plushp>
		<plusmp>0</plusmp>
		<skin>Sword3_R</skin>
	</wearpart>
	<wearpart>
		<itemcode>20100</itemcode>
		<category>1</category>
		<subcategory>2</subcategory>
		<equpslot>1</equpslot>
		<itemname>초보자 지팡이</itemname>
		<activate>0</activate>
		<toplist>2</toplist>
		<grade>0</grade>
		<discount>0</discount>
		<icon>20100</icon>
		<playerlv>0</playerlv>
		<multistate>0</multistate>
		<gamecost>0</gamecost>
		<cashcost>0</cashcost>
		<buyamount>1</buyamount>
		<sellcost>0</sellcost>
		<description>초보자 지팡이 입니다</description>
		<plusatt>10</plusatt>
		<plusdef>0</plusdef>
		<plushp>0</plushp>
		<plusmp>0</plusmp>
	</wearpart>
	<wearpart>
		<itemcode>20101</itemcode>
		<category>1</category>
		<subcategory>2</subcategory>
		<equpslot>1</equpslot>
		<itemname>마법사 지팡이</itemname>
		<activate>0</activate>
		<toplist>0</toplist>
		<grade>0</grade>
		<discount>0</discount>
		<icon>20101</icon>
		<playerlv>0</playerlv>
		<multistate>0</multistate>
		<gamecost>0</gamecost>
		<cashcost>0</cashcost>
		<buyamount>1</buyamount>
		<sellcost>0</sellcost>
		<description>마법사 지팡이 입니다</description>
		<plusatt>25</plusatt>
		<plusdef>0</plusdef>
		<plushp>0</plushp>
		<plusmp>0</plusmp>
	</wearpart>
	<wearpart>
		<itemcode>20200</itemcode>
		<category>1</category>
		<subcategory>2</subcategory>
		<equpslot>1</equpslot>
		<itemname>초보자 활</itemname>
		<activate>0</activate>
		<toplist>1</toplist>
		<grade>0</grade>
		<discount>0</discount>
		<icon>20200</icon>
		<playerlv>0</playerlv>
		<multistate>0</multistate>
		<gamecost>0</gamecost>
		<cashcost>0</cashcost>
		<buyamount>1</buyamount>
		<sellcost>0</sellcost>
		<description>초보자 활 입니다</description>
		<plusatt>25</plusatt>
		<plusdef>0</plusdef>
		<plushp>0</plushp>
		<plusmp>0</plusmp>
	</wearpart>
	<wearpart>
		<itemcode>20201</itemcode>
		<category>1</category>
		<subcategory>2</subcategory>
		<equpslot>1</equpslot>
		<itemname>명사수 활</itemname>
		<activate>0</activate>
		<toplist>2</toplist>
		<grade>0</grade>
		<discount>0</discount>
		<icon>20201</icon>
		<playerlv>0</playerlv>
		<multistate>0</multistate>
		<gamecost>0</gamecost>
		<cashcost>0</cashcost>
		<buyamount>1</buyamount>
		<sellcost>0</sellcost>
		<description>명사수 활 입니다</description>
		<plusatt>25</plusatt>
		<plusdef>0</plusdef>
		<plushp>0</plushp>
		<plusmp>0</plusmp>
	</wearpart>
	<wearpart>
		<itemcode>21001</itemcode>
		<category>1</category>
		<subcategory>0</subcategory>
		<equpslot>1</equpslot>
		<itemname>모험가 헬멧</itemname>
		<activate>0</activate>
		<toplist>0</toplist>
		<grade>0</grade>
		<discount>0</discount>
		<icon>21001</icon>
		<playerlv>0</playerlv>
		<multistate>0</multistate>
		<gamecost>0</gamecost>
		<cashcost>0</cashcost>
		<buyamount>1</buyamount>
		<sellcost>0</sellcost>
		<description>모험가 헬멧 입니다</description>
		<plusatt>0</plusatt>
		<plusdef>10</plusdef>
		<plushp>0</plushp>
		<plusmp>0</plusmp>
	</wearpart>
	<wearpart>
		<itemcode>21002</itemcode>
		<category>1</category>
		<subcategory>0</subcategory>
		<equpslot>1</equpslot>
		<itemname>고급 헬멧</itemname>
		<activate>0</activate>
		<toplist>0</toplist>
		<grade>0</grade>
		<discount>0</discount>
		<icon>21002</icon>
		<playerlv>0</playerlv>
		<multistate>0</multistate>
		<gamecost>0</gamecost>
		<cashcost>0</cashcost>
		<buyamount>1</buyamount>
		<sellcost>0</sellcost>
		<description>고급 헬멧 입니다</description>
		<plusatt>0</plusatt>
		<plusdef>0</plusdef>
		<plushp>0</plushp>
		<plusmp>50</plusmp>
	</wearpart>
	<wearpart>
		<itemcode>22001</itemcode>
		<category>1</category>
		<subcategory>1</subcategory>
		<equpslot>1</equpslot>
		<itemname>모험가 상의</itemname>
		<activate>0</activate>
		<toplist>0</toplist>
		<grade>0</grade>
		<discount>0</discount>
		<icon>22001</icon>
		<playerlv>0</playerlv>
		<multistate>0</multistate>
		<gamecost>0</gamecost>
		<cashcost>0</cashcost>
		<buyamount>1</buyamount>
		<sellcost>0</sellcost>
		<description>모험가 상의 입니다</description>
		<plusatt>10</plusatt>
		<plusdef>0</plusdef>
		<plushp>0</plushp>
		<plusmp>0</plusmp>
	</wearpart>
	<wearpart>
		<itemcode>22002</itemcode>
		<category>1</category>
		<subcategory>1</subcategory>
		<equpslot>1</equpslot>
		<itemname>고급 상의</itemname>
		<activate>0</activate>
		<toplist>0</toplist>
		<grade>0</grade>
		<discount>0</discount>
		<icon>22002</icon>
		<playerlv>0</playerlv>
		<multistate>0</multistate>
		<gamecost>0</gamecost>
		<cashcost>0</cashcost>
		<buyamount>1</buyamount>
		<sellcost>0</sellcost>
		<description>고급 상의 입니다</description>
		<plusatt>0</plusatt>
		<plusdef>10</plusdef>
		<plushp>0</plushp>
		<plusmp>0</plusmp>
	</wearpart>
	<wearpart>
		<itemcode>23001</itemcode>
		<category>1</category>
		<subcategory>3</subcategory>
		<equpslot>1</equpslot>
		<itemname>모험가 신발</itemname>
		<activate>0</activate>
		<toplist>0</toplist>
		<grade>0</grade>
		<discount>0</discount>
		<icon>23001</icon>
		<playerlv>0</playerlv>
		<multistate>0</multistate>
		<gamecost>0</gamecost>
		<cashcost>0</cashcost>
		<buyamount>1</buyamount>
		<sellcost>0</sellcost>
		<description>모험가 신발 입니다</description>
		<plusatt>0</plusatt>
		<plusdef>0</plusdef>
		<plushp>0</plushp>
		<plusmp>50</plusmp>
	</wearpart>
	<wearpart>
		<itemcode>23002</itemcode>
		<category>1</category>
		<subcategory>3</subcategory>
		<equpslot>1</equpslot>
		<itemname>고급 신발</itemname>
		<activate>0</activate>
		<toplist>0</toplist>
		<grade>0</grade>
		<discount>0</discount>
		<icon>23002</icon>
		<playerlv>0</playerlv>
		<multistate>0</multistate>
		<gamecost>0</gamecost>
		<cashcost>0</cashcost>
		<buyamount>1</buyamount>
		<sellcost>0</sellcost>
		<description>고급 신발 입니다</description>
		<plusatt>10</plusatt>
		<plusdef>0</plusdef>
		<plushp>0</plushp>
		<plusmp>0</plusmp>
	</wearpart>
	<wearpart>
		<itemcode>300</itemcode>
		<category>1</category>
		<subcategory>3</subcategory>
		<equpslot>1</equpslot>
		<itemname>하의1</itemname>
		<activate>0</activate>
		<toplist>0</toplist>
		<grade>0</grade>
		<discount>0</discount>
		<icon>300</icon>
		<playerlv>0</playerlv>
		<multistate>0</multistate>
		<gamecost>0</gamecost>
		<cashcost>0</cashcost>
		<buyamount>1</buyamount>
		<sellcost>0</sellcost>
		<description>하의1 입니다</description>
		<plusatt>-1</plusatt>
		<plusdef>0</plusdef>
		<plushp>0</plushp>
		<plushp>0</plushp>
	</wearpart>
	<wearpart>
		<itemcode>301</itemcode>
		<category>1</category>
		<subcategory>3</subcategory>
		<equpslot>1</equpslot>
		<itemname>하의2</itemname>
		<activate>0</activate>
		<toplist>0</toplist>
		<grade>1</grade>
		<discount>0</discount>
		<icon>301</icon>
		<playerlv>0</playerlv>
		<multistate>0</multistate>
		<gamecost>0</gamecost>
		<cashcost>0</cashcost>
		<buyamount>1</buyamount>
		<sellcost>0</sellcost>
		<description>하의2 입니다</description>
		<plusatt>4100</plusatt>
		<plusdef>1</plusdef>
		<plushp>0</plushp>
		<plushp>0</plushp>
	</wearpart>
	<wearpart>
		<itemcode>302</itemcode>
		<category>1</category>
		<subcategory>3</subcategory>
		<equpslot>1</equpslot>
		<itemname>하의3</itemname>
		<activate>0</activate>
		<toplist>0</toplist>
		<grade>2</grade>
		<discount>0</discount>
		<icon>302</icon>
		<playerlv>0</playerlv>
		<multistate>0</multistate>
		<gamecost>0</gamecost>
		<cashcost>0</cashcost>
		<buyamount>1</buyamount>
		<sellcost>0</sellcost>
		<description>하의3 입니다</description>
		<plusatt>4101</plusatt>
		<plusdef>1</plusdef>
		<plushp>0</plushp>
		<plushp>0</plushp>
	</wearpart>
	<wearpart>
		<itemcode>303</itemcode>
		<category>1</category>
		<subcategory>3</subcategory>
		<equpslot>1</equpslot>
		<itemname>하의4</itemname>
		<activate>0</activate>
		<toplist>0</toplist>
		<grade>3</grade>
		<discount>0</discount>
		<icon>303</icon>
		<playerlv>0</playerlv>
		<multistate>0</multistate>
		<gamecost>0</gamecost>
		<cashcost>0</cashcost>
		<buyamount>1</buyamount>
		<sellcost>0</sellcost>
		<description>하의4 입니다</description>
		<plusatt>4102</plusatt>
		<plusdef>1</plusdef>
		<plushp>0</plushp>
		<plushp>0</plushp>
	</wearpart>
	<wearpart>
		<itemcode>304</itemcode>
		<category>1</category>
		<subcategory>3</subcategory>
		<equpslot>1</equpslot>
		<itemname>하의5</itemname>
		<activate>0</activate>
		<toplist>0</toplist>
		<grade>4</grade>
		<discount>0</discount>
		<icon>304</icon>
		<playerlv>0</playerlv>
		<multistate>0</multistate>
		<gamecost>0</gamecost>
		<cashcost>0</cashcost>
		<buyamount>1</buyamount>
		<sellcost>0</sellcost>
		<description>하의5 입니다</description>
		<plusatt>4103</plusatt>
		<plusdef>1</plusdef>
		<plushp>0</plushp>
		<plushp>0</plushp>
	</wearpart>
	<wearpart>
		<itemcode>305</itemcode>
		<category>1</category>
		<subcategory>3</subcategory>
		<equpslot>1</equpslot>
		<itemname>하의6</itemname>
		<activate>0</activate>
		<toplist>0</toplist>
		<grade>5</grade>
		<discount>0</discount>
		<icon>305</icon>
		<playerlv>0</playerlv>
		<multistate>0</multistate>
		<gamecost>0</gamecost>
		<cashcost>0</cashcost>
		<buyamount>1</buyamount>
		<sellcost>0</sellcost>
		<description>하의6 입니다</description>
		<plusatt>4104</plusatt>
		<plusdef>1</plusdef>
		<plushp>0</plushp>
		<plushp>0</plushp>
	</wearpart>
	<usepart>
		<itemcode>10001</itemcode>
		<category>2</category>
		<subcategory>40</subcategory>
		<equpslot>3</equpslot>
		<itemname>빨간 포션</itemname>
		<activate>1</activate>
		<toplist>0</toplist>
		<grade>1</grade>
		<discount>0</discount>
		<icon>10001</icon>
		<playerlv>0</playerlv>
		<multistate>0</multistate>
		<gamecost>0</gamecost>
		<cashcost>0</cashcost>
		<buyamount>1</buyamount>
		<sellcost>0</sellcost>
		<description>HP를 100회복</description>
		<hp>100</hp>
		<mp>0</mp>
	</usepart>
	<usepart>
		<itemcode>10002</itemcode>
		<category>2</category>
		<subcategory>40</subcategory>
		<equpslot>3</equpslot>
		<itemname>파란 포션</itemname>
		<activate>1</activate>
		<toplist>0</toplist>
		<grade>2</grade>
		<discount>0</discount>
		<icon>10002</icon>
		<playerlv>0</playerlv>
		<multistate>0</multistate>
		<gamecost>0</gamecost>
		<cashcost>1</cashcost>
		<buyamount>1</buyamount>
		<sellcost>0</sellcost>
		<description>MP를 100회복</description>
		<hp>0</hp>
		<mp>100</mp>
	</usepart>
	<coinpart>
		<itemcode>30001</itemcode>
		<category>4</category>
		<subcategory>30</subcategory>
		<equpslot>3</equpslot>
		<itemname>금화</itemname>
		<activate>1</activate>
		<toplist>0</toplist>
		<grade>1</grade>
		<discount>0</discount>
		<icon>30001</icon>
		<playerlv>0</playerlv>
		<multistate>0</multistate>
		<gamecost>1</gamecost>
		<cashcost>0</cashcost>
		<buyamount>1</buyamount>
		<sellcost>0</sellcost>
		<description>금화</description>
	</coinpart>
	<etcpart>
		<itemcode>40001</itemcode>
		<category>3</category>
		<subcategory>510</subcategory>
		<equpslot>60</equpslot>
		<itemname>기타템1</itemname>
		<activate>0</activate>
		<toplist>0</toplist>
		<grade>1</grade>
		<discount>0</discount>
		<icon>40001</icon>
		<playerlv>0</playerlv>
		<multistate>0</multistate>
		<gamecost>0</gamecost>
		<cashcost>0</cashcost>
		<buyamount>1</buyamount>
		<sellcost>1</sellcost>
		<description>기타템1</description>
		<lvup>10</lvup>
		<lvupitem>4000</lvupitem>
		<lvupitemcnt>1</lvupitemcnt>
	</etcpart>
</rows>
